<gs:GlobalizationServices xmlns:gs="urn:longhornGlobalizationUnattend"> 
<!--User List-->
<gs:UserList>
    <gs:User UserID="Current" CopySettingsToDefaultUserAcct="true" CopySettingsToSystemAcct="true"/> 
</gs:UserList>
<!-- user locale -->
<gs:UserLocale> 
    <gs:Locale Name="en-GB" SetAsCurrent="true"/> 
</gs:UserLocale>
<!-- system locale -->
<gs:SystemLocale Name="en-GB"/>
<!-- GeoID -->
<gs:LocationPreferences> 
    <gs:GeoID Value="242"/> 
</gs:LocationPreferences>
<gs:MUILanguagePreferences>
	<gs:MUILanguage Value="en-GB"/>
	<gs:MUIFallback Value="en-US"/>
</gs:MUILanguagePreferences>
<!-- input preferences -->
<gs:InputPreferences>
    <!--en-GB-->
    <gs:InputLanguageID Action="add" ID="0809:00000809" Default="true"/>
    <gs:InputLanguageID Action="remove" ID="0409:00000409"/>
</gs:InputPreferences>
</gs:GlobalizationServices>
