{
  "$schema": "https://raw.githubusercontent.com/Azure/azure-devtestlab/master/schemas/2016-11-28/dtlArtifacts.json",
  "title": "S200 Standalone Users Configuration",
  "description": "Installs the basic groups and users... For use on standalone machines.",
  "publisher": "Sage",
  "tags": [
    "PowerShell"
  ],
  "iconUri": "https://www.sage.com/themes/group/img/sage-logo-brilliant-green.svg",
  "targetOsType": "Windows",
      "parameters": {
	"adminUsername": {
      "type": "string",
      "displayName": "Admin user account",
      "description": "The Windows administrator account"
    }
   },
  "runCommand": {
    "commandToExecute": "[concat('powershell.exe -ExecutionPolicy bypass \"& ./createusers.ps1', ' -AdminUsername ', parameters('adminUsername'), '\"')]"
  }
}
